case_id,view,error_type,full_candidate_count,view_candidate_count,view_candidate_ids,localization_score,localization_status,bbox,manual_review,dino_status,human_ground_truth_used
missingpart-A01,front,missingpart,15,4,LINK_BLUE_5HOLE|PIN_RED_SHORT|PIN_YELLOW|LINK_RED_3HOLE,0.7906677974875143,success,"[{""role"": ""reference"", ""bbox"": [2789, 1715, 4079, 2382], ""color"": ""BLUE"", ""score"": 0.7906677974875143, ""candidate_part_id"": ""LINK_BLUE_5HOLE""}, {""role"": ""reference"", ""bbox"": [3412, 5343, 3629, 5508], ""color"": ""RED"", ""score"": 0.682322415852461, ""candidate_part_id"": ""PIN_RED_SHORT""}, {""role"": ""reference"", ""bbox"": [2970, 2866, 3958, 3239], ""color"": ""YELLOW"", ""score"": 0.6677825244247227, ""candidate_part_id"": ""PIN_YELLOW""}]",True,success,False
missingpart-A01,left,missingpart,15,5,LINK_RED_3HOLE|PIN_RED_SHORT|PIN_YELLOW|LINK_GREEN_5HOLE|ROD_GREEN_LONG,0.8200479381789393,success,"[{""role"": ""reference"", ""bbox"": [3144, 1134, 3464, 2035], ""color"": ""RED"", ""score"": 0.8026686098273166, ""candidate_part_id"": ""LINK_RED_3HOLE""}, {""role"": ""reference"", ""bbox"": [2581, 1057, 2892, 1368], ""color"": ""RED"", ""score"": 0.7422197675475958, ""candidate_part_id"": ""PIN_RED_SHORT""}, {""role"": ""reference"", ""bbox"": [2676, 2009, 2936, 2278], ""color"": ""YELLOW"", ""score"": 0.6376813232534103, ""candidate_part_id"": ""PIN_YELLOW""}]",True,not_run,False
missingpart-A01,right,missingpart,15,8,WHEEL_BLUE_LARGE|WHEEL_BLUE_SMALL|ROD_GREEN_LONG|PIN_RED_SHORT|LINK_GREEN_5HOLE|PIN_YELLOW|LINK_BLUE_5HOLE|LINK_RED_3HOLE,0.7889798098702883,success,"[{""role"": ""reference"", ""bbox"": [2806, 3066, 3499, 4936], ""color"": ""GREEN"", ""score"": 0.6955011798161694, ""candidate_part_id"": ""LINK_GREEN_5HOLE""}, {""role"": ""reference"", ""bbox"": [3655, 684, 3932, 1117], ""color"": ""RED"", ""score"": 0.7056373668956952, ""candidate_part_id"": ""PIN_RED_SHORT""}, {""role"": ""reference"", ""bbox"": [3802, 4780, 4165, 5343], ""color"": ""YELLOW"", ""score"": 0.5346864776129284, ""candidate_part_id"": ""PIN_YELLOW""}, {""role"": ""reference"", ""bbox"": [2962, 2347, 3256, 2650], ""color"": ""GREEN"", ""score"": 0.7133804820769759, ""candidate_part_id"": ""ROD_GREEN_LONG""}, {""role"": ""reference"", ""bbox"": [2477, 1871, 3732, 3152], ""color"": ""BLUE"", ""score"": 0.7773699419761356, ""candidate_part_id"": ""WHEEL_BLUE_LARGE""}, {""role"": ""reference"", ""bbox"": [2477, 1871, 3732, 3152], ""color"": ""BLUE"", ""score"": 0.7773699419761356, ""candidate_part_id"": ""WHEEL_BLUE_SMALL""}]",True,not_run,False
missingpart-A01,top,missingpart,15,5,ROD_GREEN_LONG|PIN_YELLOW|PIN_RED_SHORT|WHEEL_BLUE_LARGE|WHEEL_BLUE_SMALL,0.8436997639209909,success,"[{""role"": ""reference"", ""bbox"": [2754, 4962, 3265, 5222], ""color"": ""RED"", ""score"": 0.5204543943011105, ""candidate_part_id"": ""PIN_RED_SHORT""}, {""role"": ""reference"", ""bbox"": [3265, 5794, 3343, 6071], ""color"": ""YELLOW"", ""score"": 0.6077650101625147, ""candidate_part_id"": ""PIN_YELLOW""}, {""role"": ""reference"", ""bbox"": [3888, 2382, 3984, 2485], ""color"": ""GREEN"", ""score"": 0.6706205151152589, ""candidate_part_id"": ""ROD_GREEN_LONG""}]",True,not_run,False
missingpart-A01,back,missingpart,15,1,ROD_GREEN_LONG,0.650078140631217,success,"[{""role"": ""reference"", ""bbox"": [3906, 3334, 4200, 3672], ""color"": ""GREEN"", ""score"": 0.650078140631217, ""candidate_part_id"": ""ROD_GREEN_LONG""}]",True,not_run,False
missingpart-A01,bottom,missingpart,15,8,LINK_BLUE_5HOLE|WHEEL_BLUE_LARGE|WHEEL_BLUE_SMALL|LINK_RED_3HOLE|LINK_GREEN_5HOLE|PIN_YELLOW|ROD_GREEN_LONG|PIN_RED_SHORT,0.8087460671637656,success,"[{""role"": ""reference"", ""bbox"": [2858, 2044, 4079, 2607], ""color"": ""BLUE"", ""score"": 0.8087460671637656, ""candidate_part_id"": ""LINK_BLUE_5HOLE""}, {""role"": ""reference"", ""bbox"": [970, 3256, 6097, 4616], ""color"": ""GREEN"", ""score"": 0.691085286112335, ""candidate_part_id"": ""LINK_GREEN_5HOLE""}, {""role"": ""reference"", ""bbox"": [589, 2685, 996, 4676], ""color"": ""RED"", ""score"": 0.7902280773961914, ""candidate_part_id"": ""LINK_RED_3HOLE""}, {""role"": ""reference"", ""bbox"": [5473, 3732, 5776, 4261], ""color"": ""RED"", ""score"": 0.6116447147727636, ""candidate_part_id"": ""PIN_RED_SHORT""}, {""role"": ""reference"", ""bbox"": [1057, 3525, 1230, 3802], ""color"": ""YELLOW"", ""score"": 0.6707839295678817, ""candidate_part_id"": ""PIN_YELLOW""}, {""role"": ""reference"", ""bbox"": [3334, 2503, 3603, 2884], ""color"": ""GREEN"", ""score"": 0.620889381082238, ""candidate_part_id"": ""ROD_GREEN_LONG""}]",True,not_run,False
missingpart-B01,front,missingpart,15,2,LINK_BLUE_5HOLE|PIN_YELLOW,0.8028466342873746,success,"[{""role"": ""reference"", ""bbox"": [2789, 1715, 4079, 2382], ""color"": ""BLUE"", ""score"": 0.7906677974875143, ""candidate_part_id"": ""LINK_BLUE_5HOLE""}, {""role"": ""reference"", ""bbox"": [2970, 2866, 3958, 3239], ""color"": ""YELLOW"", ""score"": 0.6613988496628286, ""candidate_part_id"": ""PIN_YELLOW""}]",True,success,False
missingpart-B01,left,missingpart,15,5,LINK_RED_3HOLE|PIN_RED_SHORT|ROD_GREEN_LONG|PIN_YELLOW|LINK_GREEN_5HOLE,0.8200479381789393,success,"[{""role"": ""reference"", ""bbox"": [3144, 1134, 3464, 2035], ""color"": ""RED"", ""score"": 0.8026686098273166, ""candidate_part_id"": ""LINK_RED_3HOLE""}, {""role"": ""reference"", ""bbox"": [3499, 5716, 3793, 6166], ""color"": ""RED"", ""score"": 0.7341348845249693, ""candidate_part_id"": ""PIN_RED_SHORT""}, {""role"": ""reference"", ""bbox"": [3204, 5179, 3273, 5438], ""color"": ""YELLOW"", ""score"": 0.5775581091277187, ""candidate_part_id"": ""PIN_YELLOW""}, {""role"": ""reference"", ""bbox"": [2650, 4148, 2962, 4451], ""color"": ""GREEN"", ""score"": 0.6599596254576017, ""candidate_part_id"": ""ROD_GREEN_LONG""}]",True,not_run,False
missingpart-B01,right,missingpart,15,5,WHEEL_BLUE_LARGE|WHEEL_BLUE_SMALL|ROD_GREEN_LONG|PIN_RED_SHORT|PIN_YELLOW,0.7889798098702883,success,"[{""role"": ""reference"", ""bbox"": [3655, 684, 3932, 1117], ""color"": ""RED"", ""score"": 0.5971161649651737, ""candidate_part_id"": ""PIN_RED_SHORT""}, {""role"": ""reference"", ""bbox"": [3802, 4780, 4165, 5343], ""color"": ""YELLOW"", ""score"": 0.531110056097871, ""candidate_part_id"": ""PIN_YELLOW""}, {""role"": ""reference"", ""bbox"": [2962, 2347, 3256, 2650], ""color"": ""GREEN"", ""score"": 0.7133804820769759, ""candidate_part_id"": ""ROD_GREEN_LONG""}, {""role"": ""reference"", ""bbox"": [2477, 1871, 3732, 3152], ""color"": ""BLUE"", ""score"": 0.7751973031903521, ""candidate_part_id"": ""WHEEL_BLUE_LARGE""}, {""role"": ""reference"", ""bbox"": [2477, 1871, 3732, 3152], ""color"": ""BLUE"", ""score"": 0.7751973031903521, ""candidate_part_id"": ""WHEEL_BLUE_SMALL""}]",True,not_run,False
missingpart-B01,top,missingpart,15,4,ROD_GREEN_LONG|PIN_YELLOW|WHEEL_BLUE_LARGE|WHEEL_BLUE_SMALL,0.8436997639209909,success,"[{""role"": ""reference"", ""bbox"": [3551, 4053, 3689, 4148], ""color"": ""YELLOW"", ""score"": 0.6250203959526484, ""candidate_part_id"": ""PIN_YELLOW""}, {""role"": ""reference"", ""bbox"": [3888, 2382, 3984, 2485], ""color"": ""GREEN"", ""score"": 0.6706205151152589, ""candidate_part_id"": ""ROD_GREEN_LONG""}]",True,not_run,False
missingpart-B01,back,missingpart,15,4,ROD_GREEN_LONG|PIN_RED_SHORT|WHEEL_BLUE_LARGE|WHEEL_BLUE_SMALL,0.7681858450520087,success,"[{""role"": ""reference"", ""bbox"": [3906, 3334, 4200, 3672], ""color"": ""GREEN"", ""score"": 0.650078140631217, ""candidate_part_id"": ""ROD_GREEN_LONG""}]",True,not_run,False
missingpart-B01,bottom,missingpart,15,8,LINK_BLUE_5HOLE|WHEEL_BLUE_LARGE|WHEEL_BLUE_SMALL|LINK_RED_3HOLE|LINK_GREEN_5HOLE|ROD_GREEN_LONG|PIN_YELLOW|PIN_RED_SHORT,0.8183226433116562,success,"[{""role"": ""reference"", ""bbox"": [2892, 4529, 4122, 5057], ""color"": ""BLUE"", ""score"": 0.8033433769689347, ""candidate_part_id"": ""LINK_BLUE_5HOLE""}, {""role"": ""reference"", ""bbox"": [970, 3256, 6097, 4616], ""color"": ""GREEN"", ""score"": 0.7027391055101733, ""candidate_part_id"": ""LINK_GREEN_5HOLE""}, {""role"": ""reference"", ""bbox"": [589, 2685, 996, 4676], ""color"": ""RED"", ""score"": 0.7902280773961914, ""candidate_part_id"": ""LINK_RED_3HOLE""}, {""role"": ""reference"", ""bbox"": [5473, 2814, 5768, 3369], ""color"": ""RED"", ""score"": 0.5743818635755863, ""candidate_part_id"": ""PIN_RED_SHORT""}, {""role"": ""reference"", ""bbox"": [502, 3507, 589, 3862], ""color"": ""YELLOW"", ""score"": 0.6354889443712647, ""candidate_part_id"": ""PIN_YELLOW""}, {""role"": ""reference"", ""bbox"": [3334, 2503, 3603, 2884], ""color"": ""GREEN"", ""score"": 0.6588963387243923, ""candidate_part_id"": ""ROD_GREEN_LONG""}]",True,not_run,False
wrongpart-B01,front,wrongpart,15,8,LINK_RED_3HOLE|LINK_GREEN_5HOLE|LINK_BLUE_5HOLE|WHEEL_BLUE_LARGE|WHEEL_BLUE_SMALL|PIN_YELLOW|PIN_RED_SHORT|ROD_GREEN_LONG,0.8540774542467293,success,"[{""role"": ""reference"", ""bbox"": [2789, 1715, 4079, 2382], ""color"": ""BLUE"", ""score"": 0.7906677974875143, ""candidate_part_id"": ""LINK_BLUE_5HOLE""}, {""role"": ""test"", ""bbox"": [3196, 823, 3507, 2546], ""color"": ""GREEN"", ""score"": 0.7906957813716792, ""candidate_part_id"": ""LINK_GREEN_5HOLE""}, {""role"": ""test"", ""bbox"": [1619, 5568, 4910, 6426], ""color"": ""RED"", ""score"": 0.7968160916165881, ""candidate_part_id"": ""LINK_RED_3HOLE""}, {""role"": ""reference"", ""bbox"": [3412, 5343, 3629, 5508], ""color"": ""RED"", ""score"": 0.682322415852461, ""candidate_part_id"": ""PIN_RED_SHORT""}, {""role"": ""reference"", ""bbox"": [2970, 2866, 3958, 3239], ""color"": ""YELLOW"", ""score"": 0.7365464834289577, ""candidate_part_id"": ""PIN_YELLOW""}, {""role"": ""test"", ""bbox"": [3516, 2849, 3655, 2953], ""color"": ""GREEN"", ""score"": 0.6803365191688584, ""candidate_part_id"": ""ROD_GREEN_LONG""}]",True,success,False
wrongpart-B01,left,wrongpart,15,6,LINK_RED_3HOLE|LINK_GREEN_5HOLE|PIN_RED_SHORT|ROD_GREEN_LONG|PIN_YELLOW|LINK_BLUE_5HOLE,0.8200479381789393,success,"[{""role"": ""test"", ""bbox"": [3369, 2485, 5369, 3732], ""color"": ""GREEN"", ""score"": 0.7772770116172345, ""candidate_part_id"": ""LINK_GREEN_5HOLE""}, {""role"": ""reference"", ""bbox"": [3144, 1134, 3464, 2035], ""color"": ""RED"", ""score"": 0.8026686098273166, ""candidate_part_id"": ""LINK_RED_3HOLE""}, {""role"": ""reference"", ""bbox"": [2581, 1057, 2892, 1368], ""color"": ""RED"", ""score"": 0.7422197675475958, ""candidate_part_id"": ""PIN_RED_SHORT""}, {""role"": ""reference"", ""bbox"": [2676, 2009, 2936, 2278], ""color"": ""YELLOW"", ""score"": 0.6282129823911786, ""candidate_part_id"": ""PIN_YELLOW""}, {""role"": ""test"", ""bbox"": [4053, 4200, 4347, 4460], ""color"": ""GREEN"", ""score"": 0.6784888165130825, ""candidate_part_id"": ""ROD_GREEN_LONG""}]",True,not_run,False
wrongpart-B01,right,wrongpart,15,8,WHEEL_BLUE_LARGE|WHEEL_BLUE_SMALL|LINK_GREEN_5HOLE|PIN_RED_SHORT|ROD_GREEN_LONG|LINK_BLUE_5HOLE|PIN_YELLOW|LINK_RED_3HOLE,0.8180825695627585,success,"[{""role"": ""test"", ""bbox"": [2485, 2667, 5274, 3810], ""color"": ""BLUE"", ""score"": 0.6979444520492846, ""candidate_part_id"": ""LINK_BLUE_5HOLE""}, {""role"": ""reference"", ""bbox"": [2806, 3066, 3499, 4936], ""color"": ""GREEN"", ""score"": 0.7595677317487717, ""candidate_part_id"": ""LINK_GREEN_5HOLE""}, {""role"": ""test"", ""bbox"": [1490, 2797, 1879, 3222], ""color"": ""RED"", ""score"": 0.7312429484086334, ""candidate_part_id"": ""PIN_RED_SHORT""}, {""role"": ""test"", ""bbox"": [1195, 2026, 1663, 2382], ""color"": ""YELLOW"", ""score"": 0.6805496407386721, ""candidate_part_id"": ""PIN_YELLOW""}, {""role"": ""test"", ""bbox"": [2581, 4079, 2884, 4347], ""color"": ""GREEN"", ""score"": 0.720005158435177, ""candidate_part_id"": ""ROD_GREEN_LONG""}, {""role"": ""test"", ""bbox"": [2078, 3490, 3386, 4746], ""color"": ""BLUE"", ""score"": 0.8180825695627585, ""candidate_part_id"": ""WHEEL_BLUE_LARGE""}]",True,not_run,False
wrongpart-B01,top,wrongpart,15,8,LINK_BLUE_5HOLE|LINK_RED_3HOLE|LINK_GREEN_5HOLE|PIN_RED_SHORT|ROD_GREEN_LONG|PIN_YELLOW|WHEEL_BLUE_LARGE|WHEEL_BLUE_SMALL,0.8436997639209909,success,"[{""role"": ""reference"", ""bbox"": [2139, 3455, 2589, 4477], ""color"": ""BLUE"", ""score"": 0.8201662228451133, ""candidate_part_id"": ""LINK_BLUE_5HOLE""}, {""role"": ""test"", ""bbox"": [2451, 996, 3551, 3698], ""color"": ""GREEN"", ""score"": 0.7624585065365431, ""candidate_part_id"": ""LINK_GREEN_5HOLE""}, {""role"": ""reference"", ""bbox"": [2416, 797, 4382, 1879], ""color"": ""RED"", ""score"": 0.8032450959786072, ""candidate_part_id"": ""LINK_RED_3HOLE""}, {""role"": ""reference"", ""bbox"": [2763, 5612, 3265, 5889], ""color"": ""RED"", ""score"": 0.7460886121699021, ""candidate_part_id"": ""PIN_RED_SHORT""}, {""role"": ""reference"", ""bbox"": [3161, 701, 3646, 831], ""color"": ""YELLOW"", ""score"": 0.6162113147021717, ""candidate_part_id"": ""PIN_YELLOW""}, {""role"": ""reference"", ""bbox"": [3698, 1264, 3984, 2096], ""color"": ""GREEN"", ""score"": 0.7005887713612876, ""candidate_part_id"": ""ROD_GREEN_LONG""}]",True,not_run,False
wrongpart-B01,back,wrongpart,15,8,LINK_BLUE_5HOLE|PIN_RED_SHORT|ROD_GREEN_LONG|PIN_YELLOW|LINK_GREEN_5HOLE|LINK_RED_3HOLE|WHEEL_BLUE_LARGE|WHEEL_BLUE_SMALL,0.8184794146325527,success,"[{""role"": ""test"", ""bbox"": [4581, 3395, 5265, 4841], ""color"": ""BLUE"", ""score"": 0.8167448424159656, ""candidate_part_id"": ""LINK_BLUE_5HOLE""}, {""role"": ""test"", ""bbox"": [3395, 1238, 3655, 1715], ""color"": ""RED"", ""score"": 0.738878707395622, ""candidate_part_id"": ""PIN_RED_SHORT""}, {""role"": ""test"", ""bbox"": [3282, 3706, 3750, 3923], ""color"": ""YELLOW"", ""score"": 0.6917519487165908, ""candidate_part_id"": ""PIN_YELLOW""}, {""role"": ""test"", ""bbox"": [2243, 3975, 2693, 4252], ""color"": ""GREEN"", ""score"": 0.7028416328378055, ""candidate_part_id"": ""ROD_GREEN_LONG""}]",True,not_run,False
wrongpart-B01,bottom,wrongpart,15,8,WHEEL_BLUE_LARGE|WHEEL_BLUE_SMALL|LINK_BLUE_5HOLE|LINK_RED_3HOLE|PIN_RED_SHORT|LINK_GREEN_5HOLE|PIN_YELLOW|ROD_GREEN_LONG,0.8421506599964732,success,"[{""role"": ""test"", ""bbox"": [4373, 2416, 5014, 3784], ""color"": ""BLUE"", ""score"": 0.8203400385719376, ""candidate_part_id"": ""LINK_BLUE_5HOLE""}, {""role"": ""test"", ""bbox"": [2130, 554, 3663, 5923], ""color"": ""GREEN"", ""score"": 0.7146728919273801, ""candidate_part_id"": ""LINK_GREEN_5HOLE""}, {""role"": ""reference"", ""bbox"": [589, 2685, 996, 4676], ""color"": ""RED"", ""score"": 0.7902280773961914, ""candidate_part_id"": ""LINK_RED_3HOLE""}, {""role"": ""test"", ""bbox"": [3109, 1238, 3386, 1775], ""color"": ""RED"", ""score"": 0.7200309487559493, ""candidate_part_id"": ""PIN_RED_SHORT""}, {""role"": ""reference"", ""bbox"": [1057, 3525, 1230, 3802], ""color"": ""YELLOW"", ""score"": 0.6707839295678817, ""candidate_part_id"": ""PIN_YELLOW""}, {""role"": ""test"", ""bbox"": [4062, 2953, 4495, 3256], ""color"": ""GREEN"", ""score"": 0.6691455743646437, ""candidate_part_id"": ""ROD_GREEN_LONG""}]",True,not_run,False
