image_id,image_name,image_path,model_id,step_id,view_angle,is_error,error_type,schema_error_type,error_detail,evaluation_scope,source_split,raw_label,filename_valid,inventory_filename_valid,inventory_validation_errors,duplicate_group_id,sha256
input/criticalerror/model08_step05/model08_step05_criticalerror-A01_back_01.jpg,model08_step05_criticalerror-A01_back_01.jpg,input/criticalerror/model08_step05/model08_step05_criticalerror-A01_back_01.jpg,model08,step05,back,true,criticalerror,criticalerror,A01,in_scope,input,criticalerror,true,false,unknown_label,,7ba0815bb9286a5ac6e450e6259b13f9568fcf0e3efd7ccf58236fdaa6dfae93
input/criticalerror/model08_step05/model08_step05_criticalerror-A01_bottom_01.jpg,model08_step05_criticalerror-A01_bottom_01.jpg,input/criticalerror/model08_step05/model08_step05_criticalerror-A01_bottom_01.jpg,model08,step05,bottom,true,criticalerror,criticalerror,A01,in_scope,input,criticalerror,true,false,unknown_label,,ac177846b6abe8580bf227c9e33746ec2ca406436957154e04028a69ba3995ba
input/criticalerror/model08_step05/model08_step05_criticalerror-A01_front_01.jpg,model08_step05_criticalerror-A01_front_01.jpg,input/criticalerror/model08_step05/model08_step05_criticalerror-A01_front_01.jpg,model08,step05,front,true,criticalerror,criticalerror,A01,in_scope,input,criticalerror,true,false,unknown_label,,2fd275e79578e716d8426dba720d81cb615ad965c7bee951b5882e520ecb0302
input/criticalerror/model08_step05/model08_step05_criticalerror-A01_left_01.jpg,model08_step05_criticalerror-A01_left_01.jpg,input/criticalerror/model08_step05/model08_step05_criticalerror-A01_left_01.jpg,model08,step05,left,true,criticalerror,criticalerror,A01,in_scope,input,criticalerror,true,false,unknown_label,,2338dab543fe011e1467166117eac44958b941fb6ba6d0972c4e65b8a80aa916
input/criticalerror/model08_step05/model08_step05_criticalerror-A01_right_01.jpg,model08_step05_criticalerror-A01_right_01.jpg,input/criticalerror/model08_step05/model08_step05_criticalerror-A01_right_01.jpg,model08,step05,right,true,criticalerror,criticalerror,A01,in_scope,input,criticalerror,true,false,unknown_label,,9ee996520135f74c2f4104ad901f2d2a20479e2bcf6003cd8650a2390f2f9c08
input/criticalerror/model08_step05/model08_step05_criticalerror-A01_top_01.jpg,model08_step05_criticalerror-A01_top_01.jpg,input/criticalerror/model08_step05/model08_step05_criticalerror-A01_top_01.jpg,model08,step05,top,true,criticalerror,criticalerror,A01,in_scope,input,criticalerror,true,false,unknown_label,,94c194bf6e87c4787858728e1b206867bd0e88b5245e4888e8d8de2f8a85e0cc
input/extrapart/model03_step03/model03_step03_extrapart-A01_back_01.jpg,model03_step03_extrapart-A01_back_01.jpg,input/extrapart/model03_step03/model03_step03_extrapart-A01_back_01.jpg,model03,step03,back,true,extra,extrapart,A01,in_scope,input,extrapart,true,true,,,f3f71acdb46972a8184156f35cb420141fe66e0b223382e0236f9861bcdc457a
input/extrapart/model03_step03/model03_step03_extrapart-A01_bottom_01.jpg,model03_step03_extrapart-A01_bottom_01.jpg,input/extrapart/model03_step03/model03_step03_extrapart-A01_bottom_01.jpg,model03,step03,bottom,true,extra,extrapart,A01,in_scope,input,extrapart,true,true,,,7091b59f10313340434d8181c2cefbcbccce1af9225d908d861d6193a2a88c07
input/extrapart/model03_step03/model03_step03_extrapart-A01_front_01.jpg,model03_step03_extrapart-A01_front_01.jpg,input/extrapart/model03_step03/model03_step03_extrapart-A01_front_01.jpg,model03,step03,front,true,extra,extrapart,A01,in_scope,input,extrapart,true,true,,,5ea0cb09a10420795f1384876455eb6695534475bc7a72ae10aa61639a79c8c9
input/extrapart/model03_step03/model03_step03_extrapart-A01_left_01.jpg,model03_step03_extrapart-A01_left_01.jpg,input/extrapart/model03_step03/model03_step03_extrapart-A01_left_01.jpg,model03,step03,left,true,extra,extrapart,A01,in_scope,input,extrapart,true,true,,dup_0009,bd15592e73a479211a84b6fbfdd01ff53f4f449a8861c4bd6682c5956fe73c0b
input/extrapart/model03_step03/model03_step03_extrapart-A01_right_01.jpg,model03_step03_extrapart-A01_right_01.jpg,input/extrapart/model03_step03/model03_step03_extrapart-A01_right_01.jpg,model03,step03,right,true,extra,extrapart,A01,in_scope,input,extrapart,true,true,,,dd5f3b6292266cb609300b0ec9b5cca29a6eb2f0eeaad10845a7d2149286f2a0
input/extrapart/model03_step03/model03_step03_extrapart-A01_top_01.jpg,model03_step03_extrapart-A01_top_01.jpg,input/extrapart/model03_step03/model03_step03_extrapart-A01_top_01.jpg,model03,step03,top,true,extra,extrapart,A01,in_scope,input,extrapart,true,true,,,d6b6ae32ab4acb8a8e6629f4b60409e486b7c0132c1d0d539221e785c55e46c0
input/extrapart/model08_step05/model08_step05_extrapart-A01_back_01.jpg,model08_step05_extrapart-A01_back_01.jpg,input/extrapart/model08_step05/model08_step05_extrapart-A01_back_01.jpg,model08,step05,back,true,extra,extrapart,A01,in_scope,input,extrapart,true,true,,,5f9d88684bda55b1997a3ee7b176c68bded75a135459f6e03d556ed5b168ea33
input/extrapart/model08_step05/model08_step05_extrapart-A01_bottom_01.jpg,model08_step05_extrapart-A01_bottom_01.jpg,input/extrapart/model08_step05/model08_step05_extrapart-A01_bottom_01.jpg,model08,step05,bottom,true,extra,extrapart,A01,in_scope,input,extrapart,true,true,,,3f0a6fed48a7adf7fe36f9ec6b71b57cb358e9c901f8bebf6722ca8ceccde743
input/extrapart/model08_step05/model08_step05_extrapart-A01_bottom_02.jpg,model08_step05_extrapart-A01_bottom_02.jpg,input/extrapart/model08_step05/model08_step05_extrapart-A01_bottom_02.jpg,model08,step05,bottom,true,extra,extrapart,A01,in_scope,input,extrapart,true,true,,,b398fec0f7ca9e7563b5598bacb06d25cb5d53575d897974d78b97ffa9ee5d7f
input/extrapart/model08_step05/model08_step05_extrapart-A01_front_01.jpg,model08_step05_extrapart-A01_front_01.jpg,input/extrapart/model08_step05/model08_step05_extrapart-A01_front_01.jpg,model08,step05,front,true,extra,extrapart,A01,in_scope,input,extrapart,true,true,,,34bbc85cb86598d8c03d0996fae288de499ae444c42b47240898fda92b3a67d9
input/extrapart/model08_step05/model08_step05_extrapart-A01_left_01.jpg,model08_step05_extrapart-A01_left_01.jpg,input/extrapart/model08_step05/model08_step05_extrapart-A01_left_01.jpg,model08,step05,left,true,extra,extrapart,A01,in_scope,input,extrapart,true,true,,,9ed7245d50dcb170a5f52089d56953c04ea49a03739de5d899587a7545d2f75f
input/extrapart/model08_step05/model08_step05_extrapart-A01_right_01.jpg,model08_step05_extrapart-A01_right_01.jpg,input/extrapart/model08_step05/model08_step05_extrapart-A01_right_01.jpg,model08,step05,right,true,extra,extrapart,A01,in_scope,input,extrapart,true,true,,,784e4e7ace0a3afa566bfec0a4deff6425d6556a4eca6cd871cb4d39924bba5a
input/extrapart/model08_step05/model08_step05_extrapart-A01_right_02.jpg,model08_step05_extrapart-A01_right_02.jpg,input/extrapart/model08_step05/model08_step05_extrapart-A01_right_02.jpg,model08,step05,right,true,extra,extrapart,A01,in_scope,input,extrapart,true,true,,,3996a8d702e68fb9b3ec4eb1963caba7b7e00afccfe641ba52844d4c805d99ad
input/extrapart/model08_step05/model08_step05_extrapart-A01_top_01.jpg,model08_step05_extrapart-A01_top_01.jpg,input/extrapart/model08_step05/model08_step05_extrapart-A01_top_01.jpg,model08,step05,top,true,extra,extrapart,A01,in_scope,input,extrapart,true,true,,,796bc55a52201f0751f4735c72df26b69fe35bedf4e0dec36ea9c5167b8eeacf
input/missingpart/model03_step03/model03_step03_missingpart-A01_back_01.jpg,model03_step03_missingpart-A01_back_01.jpg,input/missingpart/model03_step03/model03_step03_missingpart-A01_back_01.jpg,model03,step03,back,true,missing,missingpart,A01,in_scope,input,missingpart,true,true,,,2f23be5c446bab198fd5a0ddfeac61c682a93374960d8f301d74ebabf2bc73ba
input/missingpart/model03_step03/model03_step03_missingpart-A01_back_02.jpg,model03_step03_missingpart-A01_back_02.jpg,input/missingpart/model03_step03/model03_step03_missingpart-A01_back_02.jpg,model03,step03,back,true,missing,missingpart,A01,in_scope,input,missingpart,true,true,,,a8a4cf2718fc3b8d16bbd7ec76a2d9921fad5e0f38fbc0bdecba56c5d87b0c6c
input/missingpart/model03_step03/model03_step03_missingpart-A01_bottom_01.jpg,model03_step03_missingpart-A01_bottom_01.jpg,input/missingpart/model03_step03/model03_step03_missingpart-A01_bottom_01.jpg,model03,step03,bottom,true,missing,missingpart,A01,in_scope,input,missingpart,true,true,,,9b554bd697f2742f099fe70086458ae0e50fc1c3a7841b0ecce1abb219f287a0
input/missingpart/model03_step03/model03_step03_missingpart-A01_front_01.jpg,model03_step03_missingpart-A01_front_01.jpg,input/missingpart/model03_step03/model03_step03_missingpart-A01_front_01.jpg,model03,step03,front,true,missing,missingpart,A01,in_scope,input,missingpart,true,true,,,089fd4cd95e41995c73c2309e7a6c662b9471275d0f49e62440da4b2d8731de4
input/missingpart/model03_step03/model03_step03_missingpart-A01_left_01.jpg,model03_step03_missingpart-A01_left_01.jpg,input/missingpart/model03_step03/model03_step03_missingpart-A01_left_01.jpg,model03,step03,left,true,missing,missingpart,A01,in_scope,input,missingpart,true,true,,,376dd17773fece707a951237abe5377072a232ac0a50ee8e5c0ab7a7135988a3
input/missingpart/model03_step03/model03_step03_missingpart-A01_right_01.jpg,model03_step03_missingpart-A01_right_01.jpg,input/missingpart/model03_step03/model03_step03_missingpart-A01_right_01.jpg,model03,step03,right,true,missing,missingpart,A01,in_scope,input,missingpart,true,true,,,8a50b977845635ffa1cdcd6389321b95d617f806f1a1601082669197214a6b6b
input/missingpart/model03_step03/model03_step03_missingpart-A01_top_01.jpg,model03_step03_missingpart-A01_top_01.jpg,input/missingpart/model03_step03/model03_step03_missingpart-A01_top_01.jpg,model03,step03,top,true,missing,missingpart,A01,in_scope,input,missingpart,true,true,,,6f3d578e60f1cd6df5d03817bf03bf71921d65900e475620478e162e24dc6ff0
input/missingpart/model03_step03/model03_step03_missingpart-A01_top_02.jpg,model03_step03_missingpart-A01_top_02.jpg,input/missingpart/model03_step03/model03_step03_missingpart-A01_top_02.jpg,model03,step03,top,true,missing,missingpart,A01,in_scope,input,missingpart,true,true,,,10013d2fc19c48edaa916a3895f042bc6841fb8c12b3f31bf494abe46bfe246c
input/missingpart/model03_step03/model03_step03_missingpart-B01_back_01.jpg,model03_step03_missingpart-B01_back_01.jpg,input/missingpart/model03_step03/model03_step03_missingpart-B01_back_01.jpg,model03,step03,back,true,missing,missingpart,B01,in_scope,input,missingpart,true,true,,,4aa3e4102c28f1d66098b5e68187ad125a51b5830e94863729958fecadfa97e1
input/missingpart/model03_step03/model03_step03_missingpart-B01_back_02.jpg,model03_step03_missingpart-B01_back_02.jpg,input/missingpart/model03_step03/model03_step03_missingpart-B01_back_02.jpg,model03,step03,back,true,missing,missingpart,B01,in_scope,input,missingpart,true,true,,dup_0002,1e11e43af3f67650932675799c2e0ad21c1ded001863a96193722688556fdc7f
input/missingpart/model03_step03/model03_step03_missingpart-B01_bottom_01.jpg,model03_step03_missingpart-B01_bottom_01.jpg,input/missingpart/model03_step03/model03_step03_missingpart-B01_bottom_01.jpg,model03,step03,bottom,true,missing,missingpart,B01,in_scope,input,missingpart,true,true,,,5082f6937003574153c6260e48bd2fc901e736d16d37a3998e3ae5c8d2680ed3
input/missingpart/model03_step03/model03_step03_missingpart-B01_front_01.jpg,model03_step03_missingpart-B01_front_01.jpg,input/missingpart/model03_step03/model03_step03_missingpart-B01_front_01.jpg,model03,step03,front,true,missing,missingpart,B01,in_scope,input,missingpart,true,true,,,7073c207ec0b0bbb09df748a167801dc676e0862139d6cfc5c504aa7f77b9d43
input/missingpart/model03_step03/model03_step03_missingpart-B01_left_01.jpg,model03_step03_missingpart-B01_left_01.jpg,input/missingpart/model03_step03/model03_step03_missingpart-B01_left_01.jpg,model03,step03,left,true,missing,missingpart,B01,in_scope,input,missingpart,true,true,,,d2e6c84b26d42df799f924baa5711d849af28e6097fc8aa011e87bfd62a86aa2
input/missingpart/model03_step03/model03_step03_missingpart-B01_right_01.jpg,model03_step03_missingpart-B01_right_01.jpg,input/missingpart/model03_step03/model03_step03_missingpart-B01_right_01.jpg,model03,step03,right,true,missing,missingpart,B01,in_scope,input,missingpart,true,true,,,9dfac41558c477bbafcc8adeae2241d3edcd3b1bc2a3a68079e69a2b69d87b44
input/missingpart/model03_step03/model03_step03_missingpart-B01_top_01.jpg,model03_step03_missingpart-B01_top_01.jpg,input/missingpart/model03_step03/model03_step03_missingpart-B01_top_01.jpg,model03,step03,top,true,missing,missingpart,B01,in_scope,input,missingpart,true,true,,,d0317cb147021b5df8cd99fbff543b30789381ef2cb735b732aa62362a24e411
input/missingpart/model03_step03/model03_step03_missingpart-B01_top_02.jpg,model03_step03_missingpart-B01_top_02.jpg,input/missingpart/model03_step03/model03_step03_missingpart-B01_top_02.jpg,model03,step03,top,true,missing,missingpart,B01,in_scope,input,missingpart,true,true,,dup_0004,50105bfd2a81b319da3f60d6ae380f3f4032b194fedbee26e36b13b82cbb7124
input/missingpart/model08_step05/model08_step05_missingpart-A01_back_01.jpg,model08_step05_missingpart-A01_back_01.jpg,input/missingpart/model08_step05/model08_step05_missingpart-A01_back_01.jpg,model08,step05,back,true,missing,missingpart,A01,in_scope,input,missingpart,true,true,,,a43b43b3320e566983ac10a54489ef57e495eed5df84618f0fdfac4b31320891
input/missingpart/model08_step05/model08_step05_missingpart-A01_bottom_01.jpg,model08_step05_missingpart-A01_bottom_01.jpg,input/missingpart/model08_step05/model08_step05_missingpart-A01_bottom_01.jpg,model08,step05,bottom,true,missing,missingpart,A01,in_scope,input,missingpart,true,true,,,7162afbd31a3a1580ec5fd2980c297573d0384b63727cd7b3a4f8097669c2aed
input/missingpart/model08_step05/model08_step05_missingpart-A01_front_01.jpg,model08_step05_missingpart-A01_front_01.jpg,input/missingpart/model08_step05/model08_step05_missingpart-A01_front_01.jpg,model08,step05,front,true,missing,missingpart,A01,in_scope,input,missingpart,true,true,,,c0dc987c6f086d9971197a50488c76565afd65f27a0db9f371a49b3fa8c3bc4d
input/missingpart/model08_step05/model08_step05_missingpart-A01_left_01.jpg,model08_step05_missingpart-A01_left_01.jpg,input/missingpart/model08_step05/model08_step05_missingpart-A01_left_01.jpg,model08,step05,left,true,missing,missingpart,A01,in_scope,input,missingpart,true,true,,,340642e8030ab79c01787948a00843f31b846f4421788f62594e3283ee563410
input/missingpart/model08_step05/model08_step05_missingpart-A01_right_01.jpg,model08_step05_missingpart-A01_right_01.jpg,input/missingpart/model08_step05/model08_step05_missingpart-A01_right_01.jpg,model08,step05,right,true,missing,missingpart,A01,in_scope,input,missingpart,true,true,,,427125c8bb14408e097bfa411d1692a653c9edecb4425859928ad28b32b7a780
input/missingpart/model08_step05/model08_step05_missingpart-A01_top_01.jpg,model08_step05_missingpart-A01_top_01.jpg,input/missingpart/model08_step05/model08_step05_missingpart-A01_top_01.jpg,model08,step05,top,true,missing,missingpart,A01,in_scope,input,missingpart,true,true,,,125ead32b48fa39d09ed113d61218ff7d2cf605fde44281e5eac0fed1f02294e
input/missingpart/model08_step05/model08_step05_missingpart-B01_back_01.jpg,model08_step05_missingpart-B01_back_01.jpg,input/missingpart/model08_step05/model08_step05_missingpart-B01_back_01.jpg,model08,step05,back,true,missing,missingpart,B01,in_scope,input,missingpart,true,true,,,fbb89c7357994535dbec5ebf02d3f9bff24d043f6bad6d69c343e65443351c35
input/missingpart/model08_step05/model08_step05_missingpart-B01_bottom_01.jpg,model08_step05_missingpart-B01_bottom_01.jpg,input/missingpart/model08_step05/model08_step05_missingpart-B01_bottom_01.jpg,model08,step05,bottom,true,missing,missingpart,B01,in_scope,input,missingpart,true,true,,,e4209ba334d807d103f26821da26e4469450c9b271277fc9c4cb1c6c7ae98283
input/missingpart/model08_step05/model08_step05_missingpart-B01_front_01.jpg,model08_step05_missingpart-B01_front_01.jpg,input/missingpart/model08_step05/model08_step05_missingpart-B01_front_01.jpg,model08,step05,front,true,missing,missingpart,B01,in_scope,input,missingpart,true,true,,,c5465273e748b148802733e19776f343b7d255a7556c1104b1e39017d6401b04
input/missingpart/model08_step05/model08_step05_missingpart-B01_left_01.jpg,model08_step05_missingpart-B01_left_01.jpg,input/missingpart/model08_step05/model08_step05_missingpart-B01_left_01.jpg,model08,step05,left,true,missing,missingpart,B01,in_scope,input,missingpart,true,true,,,e61753e6cc4eaf6582e1eb2a99ba4cd0f1ea6d4c9e40ffa05abaa9710ea073ee
input/missingpart/model08_step05/model08_step05_missingpart-B01_right_01.jpg,model08_step05_missingpart-B01_right_01.jpg,input/missingpart/model08_step05/model08_step05_missingpart-B01_right_01.jpg,model08,step05,right,true,missing,missingpart,B01,in_scope,input,missingpart,true,true,,,f5f5b7848d4d273c8351e045ebe57cb485f32218ec8f25fca704770ab4faf232
input/missingpart/model08_step05/model08_step05_missingpart-B01_top_01.jpg,model08_step05_missingpart-B01_top_01.jpg,input/missingpart/model08_step05/model08_step05_missingpart-B01_top_01.jpg,model08,step05,top,true,missing,missingpart,B01,in_scope,input,missingpart,true,true,,,24ba587dc7c7ee157eef3e27345c889fac085b41ec0a7d5a7580b475da9de13f
input/missingpart/model08_step05/model08_step05_missingpart-C01_back_01.jpg,model08_step05_missingpart-C01_back_01.jpg,input/missingpart/model08_step05/model08_step05_missingpart-C01_back_01.jpg,model08,step05,back,true,missing,missingpart,C01,in_scope,input,missingpart,true,true,,,67b0159ae38ac52fa4b9b71443a30482eda56c4aa9cd0f55d5c2a35e7f755566
input/missingpart/model08_step05/model08_step05_missingpart-C01_bottom_01.jpg,model08_step05_missingpart-C01_bottom_01.jpg,input/missingpart/model08_step05/model08_step05_missingpart-C01_bottom_01.jpg,model08,step05,bottom,true,missing,missingpart,C01,in_scope,input,missingpart,true,true,,,b6d75c8fd2144c473c212c8ba310bd1e02da494327de22f4fca3b9255fd20a83
input/missingpart/model08_step05/model08_step05_missingpart-C01_front_01.jpg,model08_step05_missingpart-C01_front_01.jpg,input/missingpart/model08_step05/model08_step05_missingpart-C01_front_01.jpg,model08,step05,front,true,missing,missingpart,C01,in_scope,input,missingpart,true,true,,,e6613cbb0517b6f31c6f9d7947942003765c8b015d050867092e619140a5c17a
input/missingpart/model08_step05/model08_step05_missingpart-C01_left_01.jpg,model08_step05_missingpart-C01_left_01.jpg,input/missingpart/model08_step05/model08_step05_missingpart-C01_left_01.jpg,model08,step05,left,true,missing,missingpart,C01,in_scope,input,missingpart,true,true,,,8850f185b6d5a0628815e7543a5034497a6a24b301fa9c62471767112feedc08
input/missingpart/model08_step05/model08_step05_missingpart-C01_right_01.jpg,model08_step05_missingpart-C01_right_01.jpg,input/missingpart/model08_step05/model08_step05_missingpart-C01_right_01.jpg,model08,step05,right,true,missing,missingpart,C01,in_scope,input,missingpart,true,true,,,a6b6ce537870059278e3c39c145c94b568a2dec5465c81eea7bbc504b4b89764
input/missingpart/model08_step05/model08_step05_missingpart-C01_top_01.jpg,model08_step05_missingpart-C01_top_01.jpg,input/missingpart/model08_step05/model08_step05_missingpart-C01_top_01.jpg,model08,step05,top,true,missing,missingpart,C01,in_scope,input,missingpart,true,true,,,17ff9bbf7769ab83f68dffcbbbb64474d86359da072c16df7946c26d59e29b80
input/normal/model03_step01/model03_step01_correct-01_back_01.jpg,model03_step01_correct-01_back_01.jpg,input/normal/model03_step01/model03_step01_correct-01_back_01.jpg,model03,step01,back,false,correct,correct,,in_scope,input,correct,true,true,,,3a18956ba24e089ca03503648c3e74ef20f6498f2d5a49ab7693a6118c152ada
input/normal/model03_step01/model03_step01_correct-01_bottom_01.jpg,model03_step01_correct-01_bottom_01.jpg,input/normal/model03_step01/model03_step01_correct-01_bottom_01.jpg,model03,step01,bottom,false,correct,correct,,in_scope,input,correct,true,true,,,c492ffc3ce1127cfdb34899477fc1529c379630e6a80a713e98bc1221a940343
input/normal/model03_step01/model03_step01_correct-01_front_01.jpg,model03_step01_correct-01_front_01.jpg,input/normal/model03_step01/model03_step01_correct-01_front_01.jpg,model03,step01,front,false,correct,correct,,in_scope,input,correct,true,true,,dup_0006,8c463699524114603a569fb697c8b382bfac75f7d5886b307e6203372a6610a5
input/normal/model03_step01/model03_step01_correct-01_left_01.jpg,model03_step01_correct-01_left_01.jpg,input/normal/model03_step01/model03_step01_correct-01_left_01.jpg,model03,step01,left,false,correct,correct,,in_scope,input,correct,true,true,,,e9de2bea94bea80cbfedb903ddc86b4b995ee08ab05fa8149dc4034a62a92d8f
input/normal/model03_step01/model03_step01_correct-01_right_01.jpg,model03_step01_correct-01_right_01.jpg,input/normal/model03_step01/model03_step01_correct-01_right_01.jpg,model03,step01,right,false,correct,correct,,in_scope,input,correct,true,true,,,f99ff721fb578960dfc3eb78c14aef7c5f7f8812656e1bd305899dd85816fea7
input/normal/model03_step01/model03_step01_correct-01_top_01.jpg,model03_step01_correct-01_top_01.jpg,input/normal/model03_step01/model03_step01_correct-01_top_01.jpg,model03,step01,top,false,correct,correct,,in_scope,input,correct,true,true,,,ad0b928f07c328eece7f477d3a20211ad772670de7b6e49ae3f39171102e569b
input/normal/model03_step02/model03_step02_correct-01_back_01.jpg,model03_step02_correct-01_back_01.jpg,input/normal/model03_step02/model03_step02_correct-01_back_01.jpg,model03,step02,back,false,correct,correct,,in_scope,input,correct,true,true,,,eb695911d39dd31bc0501e55832e3a2443ca5cdae398325d535a447cb6e19f85
input/normal/model03_step02/model03_step02_correct-01_bottom_01.jpg,model03_step02_correct-01_bottom_01.jpg,input/normal/model03_step02/model03_step02_correct-01_bottom_01.jpg,model03,step02,bottom,false,correct,correct,,in_scope,input,correct,true,true,,,073f86ff3de597d4d832e98e6924f52ef4a3e50f8de1f327fe071188a5ae3e06
input/normal/model03_step02/model03_step02_correct-01_front_01.jpg,model03_step02_correct-01_front_01.jpg,input/normal/model03_step02/model03_step02_correct-01_front_01.jpg,model03,step02,front,false,correct,correct,,in_scope,input,correct,true,true,,,80128c968dd1771fa04ef4deb6d0ae18ac5d0f63cd0379146543faf9224be5d9
input/normal/model03_step02/model03_step02_correct-01_left_01.jpg,model03_step02_correct-01_left_01.jpg,input/normal/model03_step02/model03_step02_correct-01_left_01.jpg,model03,step02,left,false,correct,correct,,in_scope,input,correct,true,true,,,5f11d47b1b1a0227aa5b82df38fcd076b204a89e644b3e4829bb817dd70a0f0c
input/normal/model03_step02/model03_step02_correct-01_right_01.jpg,model03_step02_correct-01_right_01.jpg,input/normal/model03_step02/model03_step02_correct-01_right_01.jpg,model03,step02,right,false,correct,correct,,in_scope,input,correct,true,true,,,fdcb1c2437a7e05ac11ac374a059bf0d35652004134646de4a42a22563b431ad
input/normal/model03_step02/model03_step02_correct-01_top_01.jpg,model03_step02_correct-01_top_01.jpg,input/normal/model03_step02/model03_step02_correct-01_top_01.jpg,model03,step02,top,false,correct,correct,,in_scope,input,correct,true,true,,,e964422f78576fe02d9c6db3930dd07747bdde2b90738debf7531eb4d24e80dd
input/normal/model03_step03/model03_step03_correct-01_back_01.jpg,model03_step03_correct-01_back_01.jpg,input/normal/model03_step03/model03_step03_correct-01_back_01.jpg,model03,step03,back,false,correct,correct,,in_scope,input,correct,true,true,,,69de5a57970c062ff8f0485c9654f45fdbb51548d4ebe79fec7fce9ba43b2bb1
input/normal/model03_step03/model03_step03_correct-01_back_02.jpg,model03_step03_correct-01_back_02.jpg,input/normal/model03_step03/model03_step03_correct-01_back_02.jpg,model03,step03,back,false,correct,correct,,in_scope,input,correct,true,true,,,afca10e0cdee6abb88eef388ebc1e3f14d8d43da1e18a3548dc13d9dd925eb6b
input/normal/model03_step03/model03_step03_correct-01_back_03.jpg,model03_step03_correct-01_back_03.jpg,input/normal/model03_step03/model03_step03_correct-01_back_03.jpg,model03,step03,back,false,correct,correct,,in_scope,input,correct,true,true,,,1f59299f9ca7f1c05b495b1578a5f1217954acb1caf2cfc4f5690e9dbc769e0f
input/normal/model03_step03/model03_step03_correct-01_bottom_01.jpg,model03_step03_correct-01_bottom_01.jpg,input/normal/model03_step03/model03_step03_correct-01_bottom_01.jpg,model03,step03,bottom,false,correct,correct,,in_scope,input,correct,true,true,,,b8067d2edbdfa8e4dd178774b48834bbd628f5530c78a95822191bafe903b1e8
input/normal/model03_step03/model03_step03_correct-01_front_01.jpg,model03_step03_correct-01_front_01.jpg,input/normal/model03_step03/model03_step03_correct-01_front_01.jpg,model03,step03,front,false,correct,correct,,in_scope,input,correct,true,true,,,ea82588ca423fb7c6f640e29b56791e0cb4d7943da425711af44dfff65641abc
input/normal/model03_step03/model03_step03_correct-01_left_01.jpg,model03_step03_correct-01_left_01.jpg,input/normal/model03_step03/model03_step03_correct-01_left_01.jpg,model03,step03,left,false,correct,correct,,in_scope,input,correct,true,true,,,7c9addc1a5cc798bd2e3cc7f3777ca587c38b29b1ed90102f811d25f13e5c857
input/normal/model03_step03/model03_step03_correct-01_right_01.jpg,model03_step03_correct-01_right_01.jpg,input/normal/model03_step03/model03_step03_correct-01_right_01.jpg,model03,step03,right,false,correct,correct,,in_scope,input,correct,true,true,,,0729cf40b70f69df8acc579aa9d2789f521eedfae8715c7463b6b01a2e1a3e2d
input/normal/model03_step03/model03_step03_correct-01_top_01.jpg,model03_step03_correct-01_top_01.jpg,input/normal/model03_step03/model03_step03_correct-01_top_01.jpg,model03,step03,top,false,correct,correct,,in_scope,input,correct,true,true,,,193db41df2c03af0d2b7987b6afa4aa51c6c64d55da95e0f8abd79d45c4384fc
input/normal/model08_step01/model08_step01_correct-01_front_01.jpg,model08_step01_correct-01_front_01.jpg,input/normal/model08_step01/model08_step01_correct-01_front_01.jpg,model08,step01,front,false,correct,correct,,in_scope,input,correct,true,true,,,feae267f64dda00726442bb0a3683d36dd469db28d9f39a29428e99bcfb076ba
input/normal/model08_step01/model08_step01_correct-01_left_01.jpg,model08_step01_correct-01_left_01.jpg,input/normal/model08_step01/model08_step01_correct-01_left_01.jpg,model08,step01,left,false,correct,correct,,in_scope,input,correct,true,true,,,c9a4b48aaf3d6d13aa0e7a8445531ea3d3ec66632a7b3a54f648377cbdc650e2
input/normal/model08_step01/model08_step01_correct-01_top_01.jpg,model08_step01_correct-01_top_01.jpg,input/normal/model08_step01/model08_step01_correct-01_top_01.jpg,model08,step01,top,false,correct,correct,,in_scope,input,correct,true,true,,,d450b18d76e10c87dca20c80a2324ba534edeb8f105342f420258ba089584a44
input/normal/model08_step01/model08_step01_correct-02_back_01.jpg,model08_step01_correct-02_back_01.jpg,input/normal/model08_step01/model08_step01_correct-02_back_01.jpg,model08,step01,back,false,correct,correct,,in_scope,input,correct,true,true,,,c7e000b9f05f44b95104886ebf78165d58553843e272ef9c2bcfaf0282a2a764
input/normal/model08_step01/model08_step01_correct-02_bottom_01.jpg,model08_step01_correct-02_bottom_01.jpg,input/normal/model08_step01/model08_step01_correct-02_bottom_01.jpg,model08,step01,bottom,false,correct,correct,,in_scope,input,correct,true,true,,,f157303d9241dab7386b6e8da91a17a8811d9390a9f7ff416be5ad4906c33b66
input/normal/model08_step01/model08_step01_correct-02_front_01.jpg,model08_step01_correct-02_front_01.jpg,input/normal/model08_step01/model08_step01_correct-02_front_01.jpg,model08,step01,front,false,correct,correct,,in_scope,input,correct,true,true,,,ead38ebf5f922472683ced685060f06a6452e032d38427c151653e656934c6a2
input/normal/model08_step01/model08_step01_correct-02_left_01.jpg,model08_step01_correct-02_left_01.jpg,input/normal/model08_step01/model08_step01_correct-02_left_01.jpg,model08,step01,left,false,correct,correct,,in_scope,input,correct,true,true,,,5462146669ed56f52d10876242a1861f5e36abc76d6a3fe3060c75d0285b78db
input/normal/model08_step01/model08_step01_correct-02_right_01.jpg,model08_step01_correct-02_right_01.jpg,input/normal/model08_step01/model08_step01_correct-02_right_01.jpg,model08,step01,right,false,correct,correct,,in_scope,input,correct,true,true,,,655ef2fda5ee83da4593b1cc8a203d70d023122bf882ff9870a61707336d34be
input/normal/model08_step01/model08_step01_correct-02_top_01.jpg,model08_step01_correct-02_top_01.jpg,input/normal/model08_step01/model08_step01_correct-02_top_01.jpg,model08,step01,top,false,correct,correct,,in_scope,input,correct,true,true,,,dac9e37d58799c5306ee9683cc910cd1cf34b6c57a7980e161d154f45f1a6432
input/normal/model08_step01/model08_step01_correct-03_back_01.jpg_,model08_step01_correct-03_back_01.jpg_,input/normal/model08_step01/model08_step01_correct-03_back_01.jpg_,model08,step01,back,false,correct,correct,,in_scope,input,correct,false,false,unsupported_extension,dup_0011,e3fece91a603e76ed50ddc48529b93aabf07d9a77a56bc0685e47ab55d3ca814
input/normal/model08_step01/model08_step01_correct-03_bottom_01.jpg,model08_step01_correct-03_bottom_01.jpg,input/normal/model08_step01/model08_step01_correct-03_bottom_01.jpg,model08,step01,bottom,false,correct,correct,,in_scope,input,correct,true,true,,,b69e1c19a83254b363e5a9558070ade84439c7100f9f9efc83c3e8372b478d1e
input/normal/model08_step01/model08_step01_correct-03_front_01.jpg,model08_step01_correct-03_front_01.jpg,input/normal/model08_step01/model08_step01_correct-03_front_01.jpg,model08,step01,front,false,correct,correct,,in_scope,input,correct,true,true,,dup_0011,e3fece91a603e76ed50ddc48529b93aabf07d9a77a56bc0685e47ab55d3ca814
input/normal/model08_step01/model08_step01_correct-03_left_01.jpg,model08_step01_correct-03_left_01.jpg,input/normal/model08_step01/model08_step01_correct-03_left_01.jpg,model08,step01,left,false,correct,correct,,in_scope,input,correct,true,true,,dup_0001,17aaf3a9c69bc421399fae7cb4389f6b7b990dd994e223a6da9a2696c30692d8
input/normal/model08_step01/model08_step01_correct-03_right_01.jpg_,model08_step01_correct-03_right_01.jpg_,input/normal/model08_step01/model08_step01_correct-03_right_01.jpg_,model08,step01,right,false,correct,correct,,in_scope,input,correct,false,false,unsupported_extension,dup_0001,17aaf3a9c69bc421399fae7cb4389f6b7b990dd994e223a6da9a2696c30692d8
input/normal/model08_step01/model08_step01_correct-03_top_01.jpg,model08_step01_correct-03_top_01.jpg,input/normal/model08_step01/model08_step01_correct-03_top_01.jpg,model08,step01,top,false,correct,correct,,in_scope,input,correct,true,true,,,1015bd5ab7c5c8e44bf5f2d987aa55ae63676b2a22a8885c43f4eaedd038f6db
input/normal/model08_step02/model08_step02_correct-01_back_01.jpg,model08_step02_correct-01_back_01.jpg,input/normal/model08_step02/model08_step02_correct-01_back_01.jpg,model08,step02,back,false,correct,correct,,in_scope,input,correct,true,true,,,119e5d5988428d2f4a91397c2bf8e9a0d6dcf6f0d1dbe063b5541c57f3f949c0
input/normal/model08_step02/model08_step02_correct-01_bottom_01.jpg,model08_step02_correct-01_bottom_01.jpg,input/normal/model08_step02/model08_step02_correct-01_bottom_01.jpg,model08,step02,bottom,false,correct,correct,,in_scope,input,correct,true,true,,,33f38ffd1ab38715586c26ed650c79561dc82ca6d047979518d6212ad08ca69f
input/normal/model08_step02/model08_step02_correct-01_front_01.jpg,model08_step02_correct-01_front_01.jpg,input/normal/model08_step02/model08_step02_correct-01_front_01.jpg,model08,step02,front,false,correct,correct,,in_scope,input,correct,true,true,,,8967de4ce56c771a4a7c068d9239f8f929e5c5db24bdcfde0173582e4be75ae8
input/normal/model08_step02/model08_step02_correct-01_left_01.jpg,model08_step02_correct-01_left_01.jpg,input/normal/model08_step02/model08_step02_correct-01_left_01.jpg,model08,step02,left,false,correct,correct,,in_scope,input,correct,true,true,,,73aab300bb52b859b9244b729c5f8ee16bf80801d4ccff2ff41f85f3ef3eac16
input/normal/model08_step02/model08_step02_correct-01_right_01.jpg,model08_step02_correct-01_right_01.jpg,input/normal/model08_step02/model08_step02_correct-01_right_01.jpg,model08,step02,right,false,correct,correct,,in_scope,input,correct,true,true,,,063de3c924575b12170798fe0a0cec6ade3e2cc9aacab77cc39667b8173c3cf1
input/normal/model08_step02/model08_step02_correct-01_top_01.jpg,model08_step02_correct-01_top_01.jpg,input/normal/model08_step02/model08_step02_correct-01_top_01.jpg,model08,step02,top,false,correct,correct,,in_scope,input,correct,true,true,,,7d2515a29d95838073ebb5d621a8c47caa3c9ced25da847c886eeb406459ea39
input/normal/model08_step03/model08_step03_correct-01_back_01.jpg,model08_step03_correct-01_back_01.jpg,input/normal/model08_step03/model08_step03_correct-01_back_01.jpg,model08,step03,back,false,correct,correct,,in_scope,input,correct,true,true,,,c85fe084b0afc05327dc42eaa87c2f193b8f99a362a76b76c0a4f7de83fe41bc
input/normal/model08_step03/model08_step03_correct-01_bottom_01.jpg,model08_step03_correct-01_bottom_01.jpg,input/normal/model08_step03/model08_step03_correct-01_bottom_01.jpg,model08,step03,bottom,false,correct,correct,,in_scope,input,correct,true,true,,,74a15cc8ed3c5ae8ecddab17d90ad68364153c2a38b5dd2b1eaffbe4800ad4df
input/normal/model08_step03/model08_step03_correct-01_front_01.jpg,model08_step03_correct-01_front_01.jpg,input/normal/model08_step03/model08_step03_correct-01_front_01.jpg,model08,step03,front,false,correct,correct,,in_scope,input,correct,true,true,,,a01966fd23c9cca25a888b64cb0ae118d1de744eeada8c4bd507d7cf76c9653a
input/normal/model08_step03/model08_step03_correct-01_left_01.jpg,model08_step03_correct-01_left_01.jpg,input/normal/model08_step03/model08_step03_correct-01_left_01.jpg,model08,step03,left,false,correct,correct,,in_scope,input,correct,true,true,,,84378954363d3bbb0b8ea4170d1919c3cbeb773625ee1f3325f3aef4fb2b4c16
input/normal/model08_step03/model08_step03_correct-01_right_01.jpg,model08_step03_correct-01_right_01.jpg,input/normal/model08_step03/model08_step03_correct-01_right_01.jpg,model08,step03,right,false,correct,correct,,in_scope,input,correct,true,true,,,483dcab30a9bc45a63bc41ecaee659307d0c124c3b23bc63bdc35551d9d099c4
input/normal/model08_step03/model08_step03_correct-01_top_01.jpg,model08_step03_correct-01_top_01.jpg,input/normal/model08_step03/model08_step03_correct-01_top_01.jpg,model08,step03,top,false,correct,correct,,in_scope,input,correct,true,true,,,97947d89b0a57b7878b15f65562187b6143d6b5b3d34deadac584d87083c0de2
input/normal/model08_step04/model08_step04_correct-01_back_01.jpg,model08_step04_correct-01_back_01.jpg,input/normal/model08_step04/model08_step04_correct-01_back_01.jpg,model08,step04,back,false,correct,correct,,in_scope,input,correct,true,true,,,5c653b291d66efd342921a16285c3ead40964a88f9b0b49017d142d0a88dc73e
input/normal/model08_step04/model08_step04_correct-01_bottom_01.jpg,model08_step04_correct-01_bottom_01.jpg,input/normal/model08_step04/model08_step04_correct-01_bottom_01.jpg,model08,step04,bottom,false,correct,correct,,in_scope,input,correct,true,true,,,4209ca0da345d5e9f86fae27ce60575dc52d791862ca5de1c98d6a005787ccfc
input/normal/model08_step04/model08_step04_correct-01_bottom_02.jpg,model08_step04_correct-01_bottom_02.jpg,input/normal/model08_step04/model08_step04_correct-01_bottom_02.jpg,model08,step04,bottom,false,correct,correct,,in_scope,input,correct,true,true,,,d489fd304f201b77cb66375688b146e2976cfeff0839bf8e0057cb4cfb5f3fb5
input/normal/model08_step04/model08_step04_correct-01_front_01.jpg,model08_step04_correct-01_front_01.jpg,input/normal/model08_step04/model08_step04_correct-01_front_01.jpg,model08,step04,front,false,correct,correct,,in_scope,input,correct,true,true,,,9f1b3849777bc8039bb4a3a375a191589ce40aa60dc98db8f7c919ef8b3672cd
input/normal/model08_step04/model08_step04_correct-01_left_01.jpg,model08_step04_correct-01_left_01.jpg,input/normal/model08_step04/model08_step04_correct-01_left_01.jpg,model08,step04,left,false,correct,correct,,in_scope,input,correct,true,true,,,a4229b342cc539ca817245bb340d930df00e19b8e688b317ccb57f10728940d4
input/normal/model08_step04/model08_step04_correct-01_right_01.jpg,model08_step04_correct-01_right_01.jpg,input/normal/model08_step04/model08_step04_correct-01_right_01.jpg,model08,step04,right,false,correct,correct,,in_scope,input,correct,true,true,,,51ddf671aaa83e310aa8c6c4f4b2a8b2a88a9279301123271b0d199ac1d8c180
input/normal/model08_step04/model08_step04_correct-01_top_01.jpg,model08_step04_correct-01_top_01.jpg,input/normal/model08_step04/model08_step04_correct-01_top_01.jpg,model08,step04,top,false,correct,correct,,in_scope,input,correct,true,true,,,97386f88a6497b0ab7fee5a22a11412ae4a02498419a4d15d1346e1352feeb7b
input/normal/model08_step05/model08_step05_correct-01_back_01.jpg,model08_step05_correct-01_back_01.jpg,input/normal/model08_step05/model08_step05_correct-01_back_01.jpg,model08,step05,back,false,correct,correct,,in_scope,input,correct,true,true,,,4f69737cee06535510e95dce7d24f2971cad1c1637ac855fa7907685be7a30f9
input/normal/model08_step05/model08_step05_correct-01_bottom_01.jpg,model08_step05_correct-01_bottom_01.jpg,input/normal/model08_step05/model08_step05_correct-01_bottom_01.jpg,model08,step05,bottom,false,correct,correct,,in_scope,input,correct,true,true,,,a9685a9e64a59257f3332194c67659933c00f5f574c74a3c304d2bff4338e7a4
input/normal/model08_step05/model08_step05_correct-01_front_01.jpg,model08_step05_correct-01_front_01.jpg,input/normal/model08_step05/model08_step05_correct-01_front_01.jpg,model08,step05,front,false,correct,correct,,in_scope,input,correct,true,true,,,f571988de5e9d7762074be9def68e989fdd9b359cbb3b29f64a9e4fd16bbd4d5
input/normal/model08_step05/model08_step05_correct-01_left_01.jpg,model08_step05_correct-01_left_01.jpg,input/normal/model08_step05/model08_step05_correct-01_left_01.jpg,model08,step05,left,false,correct,correct,,in_scope,input,correct,true,true,,,bb87f5109d6cf229a6a97cafdec10e09505252ca64072554ce7b64b910022c67
input/normal/model08_step05/model08_step05_correct-01_right_01.jpg,model08_step05_correct-01_right_01.jpg,input/normal/model08_step05/model08_step05_correct-01_right_01.jpg,model08,step05,right,false,correct,correct,,in_scope,input,correct,true,true,,,5b746613702c26d2ff569da66e0d2fc1f25cdcaffd0230031393cbb78d1ecdc9
input/normal/model08_step05/model08_step05_correct-01_top_01.jpg,model08_step05_correct-01_top_01.jpg,input/normal/model08_step05/model08_step05_correct-01_top_01.jpg,model08,step05,top,false,correct,correct,,in_scope,input,correct,true,true,,,01dc3c4c6ec7b839688259788f0d5b66e90a782efeb9da3e18f01e0dfa98dcf3
input/positionerror/model08_step05/model08_step05_positionerror-B01_back_01.jpg,model08_step05_positionerror-B01_back_01.jpg,input/positionerror/model08_step05/model08_step05_positionerror-B01_back_01.jpg,model08,step05,back,true,position,positionerror,B01,in_scope,input,positionerror,true,true,,,8bd4e9939039d0ba536d70ed2bc5d024923179f23b9b2cb7462cef6b461e007f
input/positionerror/model08_step05/model08_step05_positionerror-B01_bottom_01.jpg,model08_step05_positionerror-B01_bottom_01.jpg,input/positionerror/model08_step05/model08_step05_positionerror-B01_bottom_01.jpg,model08,step05,bottom,true,position,positionerror,B01,in_scope,input,positionerror,true,true,,,62727f20b2c114701c057918bd3774ce65762a5bd6bfcd86e9e199ed343b2ecb
input/positionerror/model08_step05/model08_step05_positionerror-B01_front_01.jpg,model08_step05_positionerror-B01_front_01.jpg,input/positionerror/model08_step05/model08_step05_positionerror-B01_front_01.jpg,model08,step05,front,true,position,positionerror,B01,in_scope,input,positionerror,true,true,,,a1e621998ea1a02150ac7870b9fbb01ee44fac7df7949f9d1ec4f39b26888c68
input/positionerror/model08_step05/model08_step05_positionerror-B01_left_01.jpg,model08_step05_positionerror-B01_left_01.jpg,input/positionerror/model08_step05/model08_step05_positionerror-B01_left_01.jpg,model08,step05,left,true,position,positionerror,B01,in_scope,input,positionerror,true,true,,,9123402906b984744358ed3923df5b812ee90fb32f9e4417c826969dc4ee84f9
input/positionerror/model08_step05/model08_step05_positionerror-B01_right_01.jpg,model08_step05_positionerror-B01_right_01.jpg,input/positionerror/model08_step05/model08_step05_positionerror-B01_right_01.jpg,model08,step05,right,true,position,positionerror,B01,in_scope,input,positionerror,true,true,,,6064c6bb56ce916b742bef7cd6fc9a3c624263f1a1bdc24921af8ac2da81e1e6
input/positionerror/model08_step05/model08_step05_positionerror-B01_top_01.jpg,model08_step05_positionerror-B01_top_01.jpg,input/positionerror/model08_step05/model08_step05_positionerror-B01_top_01.jpg,model08,step05,top,true,position,positionerror,B01,in_scope,input,positionerror,true,true,,,73374dee5944147a4b4181ca564c38bb490e58b6b8e8d9fd033e13a60c8e9dd0
input/positionerror/model08_step05/model08_step05_positionerror-D01_back_01.jpg,model08_step05_positionerror-D01_back_01.jpg,input/positionerror/model08_step05/model08_step05_positionerror-D01_back_01.jpg,model08,step05,back,true,position,positionerror,D01,in_scope,input,positionerror,true,true,,,433b953e7fbb555e0ab962ee909692b6a6a09df0a2864b76c4756462ea798eb4
input/positionerror/model08_step05/model08_step05_positionerror-D01_bottom_01.jpg,model08_step05_positionerror-D01_bottom_01.jpg,input/positionerror/model08_step05/model08_step05_positionerror-D01_bottom_01.jpg,model08,step05,bottom,true,position,positionerror,D01,in_scope,input,positionerror,true,true,,,9ab91089942998ff2ba49f2bff9462d05edd1fc669ef9e4080ebd3fbe46ff64b
input/positionerror/model08_step05/model08_step05_positionerror-D01_front_01.jpg,model08_step05_positionerror-D01_front_01.jpg,input/positionerror/model08_step05/model08_step05_positionerror-D01_front_01.jpg,model08,step05,front,true,position,positionerror,D01,in_scope,input,positionerror,true,true,,,b8fe7e468e725eb8eb7fbf5475d0a54734ce14bfa9c25c968ffcc72a9d38d902
input/positionerror/model08_step05/model08_step05_positionerror-D01_left_01.jpg,model08_step05_positionerror-D01_left_01.jpg,input/positionerror/model08_step05/model08_step05_positionerror-D01_left_01.jpg,model08,step05,left,true,position,positionerror,D01,in_scope,input,positionerror,true,true,,,5e70f819972b0d2c07461c00ad48e5f4b720def610198d4dd3bef45af6990b02
input/positionerror/model08_step05/model08_step05_positionerror-D01_right_01.jpg,model08_step05_positionerror-D01_right_01.jpg,input/positionerror/model08_step05/model08_step05_positionerror-D01_right_01.jpg,model08,step05,right,true,position,positionerror,D01,in_scope,input,positionerror,true,true,,,5f6cd077f267543d1266a18e963f8c7a268e4f9718665be287d45597dc79e2c5
input/positionerror/model08_step05/model08_step05_positionerror-D01_top_01.jpg,model08_step05_positionerror-D01_top_01.jpg,input/positionerror/model08_step05/model08_step05_positionerror-D01_top_01.jpg,model08,step05,top,true,position,positionerror,D01,in_scope,input,positionerror,true,true,,,18253ad22a3d003dddabc5169668cc3eb21efe89d8a84119d918542637fa73e7
input/wrongpart/model03_step03/model03_step03_wrongpart-A01_back_01.jpg,model03_step03_wrongpart-A01_back_01.jpg,input/wrongpart/model03_step03/model03_step03_wrongpart-A01_back_01.jpg,model03,step03,back,true,wrongpart,wrongpart,A01,in_scope,input,wrongpart,true,true,,,875d7194146d901f1c3cef6f9137e42553ac1e087f4e6aec6680d11d9a5864ac
input/wrongpart/model03_step03/model03_step03_wrongpart-A01_back_02.jpg,model03_step03_wrongpart-A01_back_02.jpg,input/wrongpart/model03_step03/model03_step03_wrongpart-A01_back_02.jpg,model03,step03,back,true,wrongpart,wrongpart,A01,in_scope,input,wrongpart,true,true,,,cb0eff5f7dbbb5c249324be257275820a378df2e0309515a16c59e21d53ddadb
input/wrongpart/model03_step03/model03_step03_wrongpart-A01_bottom_01.jpg,model03_step03_wrongpart-A01_bottom_01.jpg,input/wrongpart/model03_step03/model03_step03_wrongpart-A01_bottom_01.jpg,model03,step03,bottom,true,wrongpart,wrongpart,A01,in_scope,input,wrongpart,true,true,,,0bd59772b0f7a45d0d23d058ad1d31d0685dd292f8ff71a39584eb2e5afe65ab
input/wrongpart/model03_step03/model03_step03_wrongpart-A01_front_01.jpg,model03_step03_wrongpart-A01_front_01.jpg,input/wrongpart/model03_step03/model03_step03_wrongpart-A01_front_01.jpg,model03,step03,front,true,wrongpart,wrongpart,A01,in_scope,input,wrongpart,true,true,,,23fe6a666220a703d989a15ed252a3e793d897a176d65b5619acc73de0283c2d
input/wrongpart/model03_step03/model03_step03_wrongpart-A01_left_01.jpg,model03_step03_wrongpart-A01_left_01.jpg,input/wrongpart/model03_step03/model03_step03_wrongpart-A01_left_01.jpg,model03,step03,left,true,wrongpart,wrongpart,A01,in_scope,input,wrongpart,true,true,,,4fa57fb91cea603789c6c9de498cf0dd4e2ec6845f4b30f7a302b8b1b0d42ee9
input/wrongpart/model03_step03/model03_step03_wrongpart-A01_right_01.jpg,model03_step03_wrongpart-A01_right_01.jpg,input/wrongpart/model03_step03/model03_step03_wrongpart-A01_right_01.jpg,model03,step03,right,true,wrongpart,wrongpart,A01,in_scope,input,wrongpart,true,true,,dup_0010,c42259fdc0d733add33d072dae4f10868bc12db8352a6634486127e212a7ee76
input/wrongpart/model03_step03/model03_step03_wrongpart-A01_top_01.jpg,model03_step03_wrongpart-A01_top_01.jpg,input/wrongpart/model03_step03/model03_step03_wrongpart-A01_top_01.jpg,model03,step03,top,true,wrongpart,wrongpart,A01,in_scope,input,wrongpart,true,true,,dup_0005,8147537b4bacc98fc9906a68b18cdc175c174e14d9bd707829676bcfe8e4c3a4
input/wrongpart/model03_step03/model03_step03_wrongpart-A01_top_02.jpg,model03_step03_wrongpart-A01_top_02.jpg,input/wrongpart/model03_step03/model03_step03_wrongpart-A01_top_02.jpg,model03,step03,top,true,wrongpart,wrongpart,A01,in_scope,input,wrongpart,true,true,,dup_0012,fb4f7990f260a4237ab5557c853bf42964780cea6bf184b1041cbc83431461ab
input/wrongpart/model03_step03/model03_step03_wrongpart-B01_back_01.jpg,model03_step03_wrongpart-B01_back_01.jpg,input/wrongpart/model03_step03/model03_step03_wrongpart-B01_back_01.jpg,model03,step03,back,true,wrongpart,wrongpart,B01,in_scope,input,wrongpart,true,true,,dup_0008,b3d610eb04e814fb675f445f7d11d5c83774d34da5f77f662752d48745db27f5
input/wrongpart/model03_step03/model03_step03_wrongpart-B01_back_02.jpg,model03_step03_wrongpart-B01_back_02.jpg,input/wrongpart/model03_step03/model03_step03_wrongpart-B01_back_02.jpg,model03,step03,back,true,wrongpart,wrongpart,B01,in_scope,input,wrongpart,true,true,,dup_0003,35638a565f79454b22c0b994465e25556436d9e4e03c1bbbb7af9b3b40942cd8
input/wrongpart/model03_step03/model03_step03_wrongpart-B01_bottom_01.jpg,model03_step03_wrongpart-B01_bottom_01.jpg,input/wrongpart/model03_step03/model03_step03_wrongpart-B01_bottom_01.jpg,model03,step03,bottom,true,wrongpart,wrongpart,B01,in_scope,input,wrongpart,true,true,,,66d36e950bded2c51d3f90a6328d9678c257957f8045636dd63edbc67714d8a7
input/wrongpart/model03_step03/model03_step03_wrongpart-B01_front_01.jpg,model03_step03_wrongpart-B01_front_01.jpg,input/wrongpart/model03_step03/model03_step03_wrongpart-B01_front_01.jpg,model03,step03,front,true,wrongpart,wrongpart,B01,in_scope,input,wrongpart,true,true,,,dac579867f21a032e5a51ba633e78415b9288eca52402c4c662fc9be5e8b557a
input/wrongpart/model03_step03/model03_step03_wrongpart-B01_left_01.jpg,model03_step03_wrongpart-B01_left_01.jpg,input/wrongpart/model03_step03/model03_step03_wrongpart-B01_left_01.jpg,model03,step03,left,true,wrongpart,wrongpart,B01,in_scope,input,wrongpart,true,true,,,a3cab695a0ba2c9e6e9dfbe313f042029259af0b698f2a1b6ad1e276f367c5e4
input/wrongpart/model03_step03/model03_step03_wrongpart-B01_right_01.jpg,model03_step03_wrongpart-B01_right_01.jpg,input/wrongpart/model03_step03/model03_step03_wrongpart-B01_right_01.jpg,model03,step03,right,true,wrongpart,wrongpart,B01,in_scope,input,wrongpart,true,true,,,fbd6e44d6095535bfbeafadf086794d486ebe648d1348a9ad6634f3ce69c6c41
input/wrongpart/model03_step03/model03_step03_wrongpart-B01_top_01.jpg,model03_step03_wrongpart-B01_top_01.jpg,input/wrongpart/model03_step03/model03_step03_wrongpart-B01_top_01.jpg,model03,step03,top,true,wrongpart,wrongpart,B01,in_scope,input,wrongpart,true,true,,,e3b88a9e3ad130260ce92573f82c9d3e5c96feac7200fcea39dc85f1f019d9f9
input/wrongpart/model03_step03/model03_step03_wrongpart-B01_top_02.jpg,model03_step03_wrongpart-B01_top_02.jpg,input/wrongpart/model03_step03/model03_step03_wrongpart-B01_top_02.jpg,model03,step03,top,true,wrongpart,wrongpart,B01,in_scope,input,wrongpart,true,true,,dup_0007,ab3456253578ae85a484f555c9bd7a619225afea70c8b44147d1e8e7da9055c4
input/wrongpart/model08_step05/model08_step05_wrongpart-A01_back_01.jpg,model08_step05_wrongpart-A01_back_01.jpg,input/wrongpart/model08_step05/model08_step05_wrongpart-A01_back_01.jpg,model08,step05,back,true,wrongpart,wrongpart,A01,in_scope,input,wrongpart,true,true,,,a0fa7d96d75078c6adb7494eb8e67b44b1bf93feb5362a0b1e0ccd6a21ff0676
input/wrongpart/model08_step05/model08_step05_wrongpart-A01_bottom_01.jpg,model08_step05_wrongpart-A01_bottom_01.jpg,input/wrongpart/model08_step05/model08_step05_wrongpart-A01_bottom_01.jpg,model08,step05,bottom,true,wrongpart,wrongpart,A01,in_scope,input,wrongpart,true,true,,,2a7b94693b356c452080c270f7b1bf5a95ac8458509794e3fa916d17c814fa45
input/wrongpart/model08_step05/model08_step05_wrongpart-A01_front_01.jpg,model08_step05_wrongpart-A01_front_01.jpg,input/wrongpart/model08_step05/model08_step05_wrongpart-A01_front_01.jpg,model08,step05,front,true,wrongpart,wrongpart,A01,in_scope,input,wrongpart,true,true,,,e46153574540e8f22d07030a83f6d353ec25938aabb5cd506b2cdcbe326f1d0d
input/wrongpart/model08_step05/model08_step05_wrongpart-A01_left_01.jpg,model08_step05_wrongpart-A01_left_01.jpg,input/wrongpart/model08_step05/model08_step05_wrongpart-A01_left_01.jpg,model08,step05,left,true,wrongpart,wrongpart,A01,in_scope,input,wrongpart,true,true,,,da572575de57e58f9b2196693222aee26f6a750ae684de2f02f98bd172c334c4
input/wrongpart/model08_step05/model08_step05_wrongpart-A01_right_01.jpg,model08_step05_wrongpart-A01_right_01.jpg,input/wrongpart/model08_step05/model08_step05_wrongpart-A01_right_01.jpg,model08,step05,right,true,wrongpart,wrongpart,A01,in_scope,input,wrongpart,true,true,,,8f4f69f7250ad1bdff2dc30b0b6cce09da470af8269ec4d0947ddbe3031a69d3
input/wrongpart/model08_step05/model08_step05_wrongpart-A01_top_01.jpg,model08_step05_wrongpart-A01_top_01.jpg,input/wrongpart/model08_step05/model08_step05_wrongpart-A01_top_01.jpg,model08,step05,top,true,wrongpart,wrongpart,A01,in_scope,input,wrongpart,true,true,,,243a58d34db91abfa65c2cd945f3035e146d0904af0ce11c20546c6961b9e4ab
regression_subset/model03_step01_correct-01_front_01.jpg,model03_step01_correct-01_front_01.jpg,regression_subset/model03_step01_correct-01_front_01.jpg,model03,step01,front,false,correct,correct,,in_scope,regression_subset,correct,true,true,,dup_0006,8c463699524114603a569fb697c8b382bfac75f7d5886b307e6203372a6610a5
regression_subset/model03_step03_extrapart-A01_left_01.jpg,model03_step03_extrapart-A01_left_01.jpg,regression_subset/model03_step03_extrapart-A01_left_01.jpg,model03,step03,left,true,extra,extrapart,A01,in_scope,regression_subset,extrapart,true,true,,dup_0009,bd15592e73a479211a84b6fbfdd01ff53f4f449a8861c4bd6682c5956fe73c0b
regression_subset/model03_step03_missingpart-B01_back_02.jpg,model03_step03_missingpart-B01_back_02.jpg,regression_subset/model03_step03_missingpart-B01_back_02.jpg,model03,step03,back,true,missing,missingpart,B01,in_scope,regression_subset,missingpart,true,true,,dup_0002,1e11e43af3f67650932675799c2e0ad21c1ded001863a96193722688556fdc7f
regression_subset/model03_step03_missingpart-B01_top_02.jpg,model03_step03_missingpart-B01_top_02.jpg,regression_subset/model03_step03_missingpart-B01_top_02.jpg,model03,step03,top,true,missing,missingpart,B01,in_scope,regression_subset,missingpart,true,true,,dup_0004,50105bfd2a81b319da3f60d6ae380f3f4032b194fedbee26e36b13b82cbb7124
regression_subset/model03_step03_wrongpart-A01_right_01.jpg,model03_step03_wrongpart-A01_right_01.jpg,regression_subset/model03_step03_wrongpart-A01_right_01.jpg,model03,step03,right,true,wrongpart,wrongpart,A01,in_scope,regression_subset,wrongpart,true,true,,dup_0010,c42259fdc0d733add33d072dae4f10868bc12db8352a6634486127e212a7ee76
regression_subset/model03_step03_wrongpart-A01_top_01.jpg,model03_step03_wrongpart-A01_top_01.jpg,regression_subset/model03_step03_wrongpart-A01_top_01.jpg,model03,step03,top,true,wrongpart,wrongpart,A01,in_scope,regression_subset,wrongpart,true,true,,dup_0005,8147537b4bacc98fc9906a68b18cdc175c174e14d9bd707829676bcfe8e4c3a4
regression_subset/model03_step03_wrongpart-A01_top_02.jpg,model03_step03_wrongpart-A01_top_02.jpg,regression_subset/model03_step03_wrongpart-A01_top_02.jpg,model03,step03,top,true,wrongpart,wrongpart,A01,in_scope,regression_subset,wrongpart,true,true,,dup_0012,fb4f7990f260a4237ab5557c853bf42964780cea6bf184b1041cbc83431461ab
regression_subset/model03_step03_wrongpart-B01_back_01.jpg,model03_step03_wrongpart-B01_back_01.jpg,regression_subset/model03_step03_wrongpart-B01_back_01.jpg,model03,step03,back,true,wrongpart,wrongpart,B01,in_scope,regression_subset,wrongpart,true,true,,dup_0008,b3d610eb04e814fb675f445f7d11d5c83774d34da5f77f662752d48745db27f5
regression_subset/model03_step03_wrongpart-B01_back_02.jpg,model03_step03_wrongpart-B01_back_02.jpg,regression_subset/model03_step03_wrongpart-B01_back_02.jpg,model03,step03,back,true,wrongpart,wrongpart,B01,in_scope,regression_subset,wrongpart,true,true,,dup_0003,35638a565f79454b22c0b994465e25556436d9e4e03c1bbbb7af9b3b40942cd8
regression_subset/model03_step03_wrongpart-B01_top_02.jpg,model03_step03_wrongpart-B01_top_02.jpg,regression_subset/model03_step03_wrongpart-B01_top_02.jpg,model03,step03,top,true,wrongpart,wrongpart,B01,in_scope,regression_subset,wrongpart,true,true,,dup_0007,ab3456253578ae85a484f555c9bd7a619225afea70c8b44147d1e8e7da9055c4
